von,bis,Text
2026-01-01,2026-01-06,Ferien FL
2026-02-14,2026-02-22,Ferien FL
2026-04-02,2026-04-19,Ferien FL
2026-05-15,2026-05-15,Ferien FL
2026-06-05,2026-06-05,Ferien FL
2026-07-04,2026-08-16,Ferien FL
2026-10-03,2026-10-18,Ferien FL
2026-10-27,2026-10-31,Ferien A
2026-12-24,2026-12-31,Ferien FL_A
2027-01-01,2027-01-06,Ferien FL_A
2027-02-01,2027-02-01,Ferien FL
2027-02-06,2027-02-14,Ferien FL
2027-02-06,2027-02-14,Ferien FL
2027-02-06,2027-02-14,Ferien FL
2027-02-06,2027-02-14,Ferien FL
2027-02-08,2027-02-08,1 Ramadan
2027-02-15,2027-02-20,Fastenbrechenfest
2027-02-15,2027-02-20,Ferien A
2027-03-09,2027-03-11,Ferien A
2027-03-20,2027-03-29,Ferien A
2027-03-25,2027-04-11,Ferien FL
2027-05-07,2027-05-07,Ferien FL
2027-05-15,2027-05-17,Ferien A
2027-05-16,2027-05-18,Das Opferfest
2027-05-28,2027-05-28,Ferien FL
2027-07-03,2027-08-16,Ferien FL
2027-07-10,2027-09-12,Ferien A
2027-10-02,2027-10-17,Ferien FL
2027-12-24,2027-12-31,Ferien FL
