Info,von,bis,Tage,Name
FE,02.01.2026,02.01.2026,1,Akca Onur
FE,02.01.2026,02.01.2026,1,Kalay Ibrahim
FE,02.01.2026,02.01.2026,1,Sagmeister Laurenz
FE,02.01.2026,02.01.2026,1,Vasilev Radoslav
FE,02.01.2026,02.01.2026,1,Strempel Gabriel
FE,02.01.2026,02.01.2026,1,Töpfer Ingo
FE,05.01.2026,05.01.2026,1,Vasilev Radoslav
FE,05.01.2026,05.01.2026,1,Kalay Ibrahim
FE,05.01.2026,05.01.2026,1,Strempel Gabriel
FE,05.01.2026,05.01.2026,1,Töpfer Ingo
UZ,06.01.2026,06.01.2026,0,Sagmeister Laurenz
UZ,06.01.2026,06.01.2026,0,Akca Onur
UZ,10.01.2026,10.01.2026,0,Sagmeister Laurenz
UZ,10.01.2026,10.01.2026,0,Akca Onur
FE,16.01.2026,16.01.2026,1,Töpfer Ingo
UZ,17.01.2026,17.01.2026,0,Sagmeister Laurenz
UZ,31.01.2026,31.01.2026,0,Sagmeister Laurenz
UZ,07.02.2026,07.02.2026,0,Sagmeister Laurenz
KR,11.02.2026,27.02.2026,13,Akca Onur
UZ,14.02.2026,14.02.2026,0,Sagmeister Laurenz
KR,26.02.2026,04.03.2026,5,Vasilev Radoslav
UZ,14.03.2026,14.03.2026,0,Sagmeister Laurenz
UZ,19.03.2026,19.03.2026,0,Akca Onur
UZ,19.03.2026,19.03.2026,0,Kalay Ibrahim
FE,20.03.2026,23.03.2026,2,Sagmeister Laurenz
FE,20.03.2026,20.03.2026,1,Kalay Ibrahim
FE,20.03.2026,20.03.2026,1,Töpfer Ingo
FE,27.03.2026,27.03.2026,1,Akca Onur
FE,27.03.2026,27.03.2026,1,Töpfer Ingo
FE,30.03.2026,31.03.2026,2,Kalay Ibrahim
FE,01.04.2026,03.04.2026,3,Vasilev Radoslav
FE,03.04.2026,03.04.2026,1,Akca Onur
FE,03.04.2026,03.04.2026,1,Kalay Ibrahim
FE,03.04.2026,03.04.2026,1,Sagmeister Laurenz
FE,03.04.2026,03.04.2026,1,Strempel Gabriel
FE,03.04.2026,03.04.2026,1,Töpfer Ingo
UZ,11.04.2026,11.04.2026,0,Sagmeister Laurenz
UZ,11.04.2026,11.04.2026,0,Akca Onur
UZ,11.04.2026,11.04.2026,0,Kalay Ibrahim
FE,15.04.2026,30.04.2026,12,Akca Onur
FE,20.04.2026,20.04.2026,1,Vasilev Radoslav
UZ,25.04.2026,25.04.2026,0,Sagmeister Laurenz
UZ,25.04.2026,25.04.2026,0,Kalay Ibrahim
KR,04.05.2026,08.05.2026,5,Kalay Ibrahim
FE,08.05.2026,08.05.2026,1,Töpfer Ingo
FE,15.05.2026,15.05.2026,1,Akca Onur
FE,15.05.2026,15.05.2026,1,Kalay Ibrahim
FE,15.05.2026,22.05.2026,6,Sagmeister Laurenz
FE,15.05.2026,15.05.2026,1,Vasilev Radoslav
FE,15.05.2026,18.05.2026,2,Strempel Gabriel
FE,15.05.2026,15.05.2026,1,Töpfer Ingo
FE,02.06.2026,02.06.2026,1,Akca Onur
FE,05.06.2026,05.06.2026,1,Akca Onur
FE,05.06.2026,05.06.2026,1,Vasilev Radoslav
FE,05.06.2026,05.06.2026,1,Sagmeister Laurenz
UZ,13.06.2026,13.06.2026,0,Akca Onur
UZ,20.06.2026,20.06.2026,0,Sagmeister Laurenz
FE,25.06.2026,25.06.2026,1,Sagmeister Laurenz
UZ,27.06.2026,27.06.2026,0,Sagmeister Laurenz
FE,01.07.2026,03.07.2026,3,Strempel Gabriel
FE,09.07.2026,10.07.2026,2,Strempel Gabriel
FE,16.07.2026,31.07.2026,12,Vasilev Radoslav
FE,20.07.2026,31.07.2026,10,Töpfer Ingo
FE,23.07.2026,03.08.2026,8,Kalay Ibrahim
FE,31.07.2026,31.07.2026,1,Sagmeister Laurenz
FE,03.08.2026,21.08.2026,15,Strempel Gabriel
FE,05.08.2026,14.08.2026,8,Akca Onur
KR,12.08.2026,14.08.2026,3,Kalay Ibrahim
FE,07.09.2026,07.09.2026,1,Vasilev Radoslav
FE,11.09.2026,18.09.2026,6,Akca Onur
FE,16.09.2026,30.09.2026,11,Sagmeister Laurenz
FE,26.10.2026,30.10.2026,5,Kalay Ibrahim